番号,5921,
名前,무나카타 아츠미,
呼び名,아츠미(cg),
基礎,0,1700
基礎,1,1900

基礎,LV,1

基礎,연령,14,
基礎,생월,8,
基礎,생일,1,
基礎,혈액형,1,;A型,
基礎,신장,151,
基礎,체중,41,
基礎,주로쓰는손,3,;両,
基礎,출신지,2,;青森,
基礎,바스트,73,
基礎,웨스트,56,
基礎,힙사이즈,75,
素質,처녀,
素質,호기심,
素質,낙관적,
素質,정조관결여,
素質,해방,
素質,부끄럼없음,
素質,습득빠름,
素質,쾌감에솔직,
素質,중독되기쉬움,
素質,도착적,
素質,바이,
素質,Ｂ민감,
素質,빈유,
素質,중학생,
能力,기교,3,
素質,머리
素質,눈
素質,입
素質,팔
素質,발

基礎,40,100;검相性
基礎,41,100;비구相性
基礎,42,100;타격相性
基礎,43,100;전술相性
基礎,44,100;화염相性
基礎,45,100;빙결相性
基礎,46,100;전격相性
基礎,47,100;충격相性
基礎,48,100;신경相性
基礎,49,100;정신相性
基礎,50,0;파마相性
基礎,51,100;주살相性
基礎,52,100;지변相性
基礎,53,100;수격相性
基礎,54,100;질풍相性
基礎,55,100;중력相性
基礎,56,100;핵열相性
基礎,57,100;만능相性
基礎,58,100;사이코相性

能力,종족,0;인간
能力,계승타입,0;継承なし
能力,회화타입,0;회화なし
能力,속성LD,2;N
能力,속성LC,2;N
素質,비전투원,

;노멀카드 특훈전 기준
フラグ,모자,26;머리끈
フラグ,옷,0
フラグ,하의,0
フラグ,전신복,303;원피스
フラグ,손,0
フラグ,속옷（상）,501;브레지어
フラグ,속옷（하）,602;팬티
フラグ,전신속옷,0
フラグ,양말,801;양말
フラグ,신발,909;가죽구두
フラグ,겉옷,0
フラグ,그외,0
フラグ,그외2,0
フラグ,그외3,0

CSTR,一人称,あたし
CSTR,二人称,프로듀서
CSTR,タイトル,신인 아이돌

CSTR,30,무나카타 아츠미

CSTR,취미,손가락 운동
CSTR,36,머리를 양 옆으로 경단처럼 말은 소녀.
CSTR,37,여성의 가슴에 이상하리 만치 흥미를 가지고 있으며、아이돌이 된 이유도 거기에 있다.
CSTR,38,"크기가 문제가 아니거든요 "라고 발언하는 등 독특한 생각을 갖고 있다.
CSTR,39,말버릇은 "우히히히".
CSTR,40,여자 팬을 늘리고 싶어 한다.
CSTR,41,다른 아이돌의 가슴을 주무르는데에 집념을 불태우고 있다.
CSTR,42,본인 왈、"등산"
CSTR,43,가슴을 주무르기 위해 아이돌마다 여러가지 작전을 세우는 행동을 하기도 한다.
CSTR,44,(사와다 마리나에겐 동생처럼 순수하게 부탁、헬렌은 수수께끼 투성이이기 때문에 직접 부탁 등)
CSTR,45,야나기 키요라나 키바 마나미 등 일부 아이돌로부터 그만두라고 듣고 있다.
CSTR,46,그러나 에비하라 나호와 시라기쿠 호타루는 이미 그 스킨십을 받았다.
CSTR,47,사와다 마리나 왈"입 다물고 있으면 아주 매력적".
