番号,6165,
名前,무라카미 토모에,
呼び名,토모에(cg),
基礎,0,2000,
基礎,1,1700,
基礎,연령,13,
基礎,생월,1,
基礎,생일,3,
基礎,혈액형,1,;A型,
基礎,신장,146,
基礎,체중,37,
基礎,주로쓰는손,1,;右,
基礎,출신지,34,;広島,
基礎,바스트,74,
基礎,웨스트,53,
基礎,힙사이즈,76,
素質,처녀,
素質,프라이드높음,
素質,보수적,
素質,정조관념,
素質,불결무시,
;;소질,威圧感,
素質,Ｃ민감,
素質,빈유,
素質,중학생,
能力,기교,1,

;フラグ,41,101,;普段着(바지),

CSTR,30,무라카미 토모에(村上 巴 むらかみ ともえ)

CSTR,취미,엔카、쇼기
CSTR,36,히로시마 지역 라이벌 아이돌。
CSTR,37,히로시마 방언을 쓰는 붉은 머리의 여자아이。
CSTR,38,아버지 말을 들어 아이돌이 됐다지만、
CSTR,39,그 아버지 및 가업에 대해서는 아무래도 그 방면의 사람밖에 보이지 않는 묘사가 많다。
CSTR,40,카와시마 미즈키가 동경의 대상。
CSTR,41,가사 등은 특기인 듯。
CSTR,42,의리와 인정을 중요시하는 성격。


CSTR,一人称,うち
CSTR,二人称,아나타
CSTR,タイトル,신인 아이돌

基礎,LV,1
能力,종족,0;인간
能力,계승타입,0;継承なし
能力,회화타입,0;회화なし
能力,속성LD,2;N
能力,속성LC,2;N
素質,비전투원,

;노멀카드 특훈전 기준
フラグ,모자,0
フラグ,옷,124;티셔츠
フラグ,하의,216;숏팬츠
フラグ,전신복,0
フラグ,손,0
フラグ,속옷（상）,502;스포츠브라-이 나이 이가슴이면....
フラグ,속옷（하）,602;팬티
フラグ,전신속옷,0
フラグ,양말,802;하이삭스
フラグ,신발,913;슈즈
フラグ,겉옷,1051;점퍼
フラグ,그외,0
フラグ,그외2,0
フラグ,그외3,0
素質,머리
素質,눈
素質,입
素質,팔
素質,발

基礎,40,100;검相性
基礎,41,100;비구相性
基礎,42,100;타격相性
基礎,43,100;전술相性
基礎,44,100;화염相性
基礎,45,100;빙결相性
基礎,46,100;전격相性
基礎,47,100;충격相性
基礎,48,100;신경相性
基礎,49,100;정신相性
基礎,50,0;파마相性
基礎,51,100;주살相性
基礎,52,100;지변相性
基礎,53,100;수격相性
基礎,54,100;질풍相性
基礎,55,100;중력相性
基礎,56,100;핵열相性
基礎,57,100;만능相性
基礎,58,100;사이코相性
