番号,6158,
名前,키타가와 마히로,
呼び名,마히로(cg),
基礎,0,2100,
基礎,1,1900,
基礎,연령,17,
基礎,생월,2,
基礎,생일,17,
基礎,혈액형,3,;O型,
基礎,신장,158,
基礎,체중,43,
基礎,주로쓰는손,1,;右,
基礎,출신지,37,;香川,
基礎,바스트,75,
基礎,웨스트,57,
基礎,힙사이즈,79,
素質,처녀,
素質,솔직함,
素質,낙관적,
素質,부끄럼없음,
素質,습득느림,
素質,회복빠름,
素質,빈유,
素質,고등학생,

;フラグ,41,17,;高校の교복,
;フラグ,42,83,;안경,

CSTR,30,키타가와 마히로(北川 真尋 きたがわ まひろ)

CSTR,취미,뛰기、먹기、잠자기
CSTR,36,육상부의 부부장 이었고、단거리 주자라서 스태미너는 별로 없었지만、
CSTR,37,아이돌 레슨을 시작하고서는 스태미나가 붙었다고 한다。
CSTR,38,평소 안경을 쓰고 있지만、대회 때문에 달릴 때는 콘텍트 렌즈를 한다는 듯。


CSTR,一人称,私
CSTR,二人称,아나타P씨
CSTR,タイトル,신인 아이돌

基礎,LV,1
能力,종족,0;인간
能力,계승타입,0;継承なし
能力,회화타입,0;회화なし
能力,속성LD,2;N
能力,속성LC,2;N
素質,비전투원,

;노멀카드 특훈전 기준
フラグ,모자,0
フラグ,옷,107;블라우스
フラグ,하의,221;플리츠스커트
フラグ,전신복,0
フラグ,손,0
フラグ,속옷（상）,502;스포츠브라
フラグ,속옷（하）,602;팬티
フラグ,전신속옷,0
フラグ,양말,801;양말
フラグ,신발,913;슈즈
フラグ,겉옷,0
フラグ,그외,1103;안경
フラグ,그외2,1192;가방
フラグ,그외3,0
素質,머리
素質,눈
素質,입
素質,팔
素質,발

基礎,40,100;검相性
基礎,41,100;비구相性
基礎,42,100;타격相性
基礎,43,100;전술相性
基礎,44,100;화염相性
基礎,45,100;빙결相性
基礎,46,100;전격相性
基礎,47,100;충격相性
基礎,48,100;신경相性
基礎,49,100;정신相性
基礎,50,0;파마相性
基礎,51,100;주살相性
基礎,52,100;지변相性
基礎,53,100;수격相性
基礎,54,100;질풍相性
基礎,55,100;중력相性
基礎,56,100;핵열相性
基礎,57,100;만능相性
基礎,58,100;사이코相性
