番号,5707,
名前,미나세 이오리,
呼び名,이오리(@),
基礎,0,1800
基礎,1,1500

基礎,LV,1

基礎,연령,14,
基礎,생월,5,
基礎,생일,5,
基礎,혈액형,4,;AB型,
基礎,신장,150,
基礎,체중,39,
基礎,주로쓰는손,1,;右,
基礎,출신지,765,;765プロダクション,
基礎,바스트,77,
基礎,웨스트,54,
基礎,힙사이즈,79,
基礎,신장2,153,
基礎,체중2,40,
基礎,바스트2,77,
基礎,웨스트2,54,
基礎,힙사이즈2,79,
素質,처녀,
素質,반항적,
素質,꿋꿋함,
素質,프라이드높음,
素質,건방짐,
素質,츤데레,
素質,눈에띄고싶어함,
素質,호기심,
素質,아픔에약함,
素質,악취민감,
素質,중독되기쉬움,
素質,소악마,
素質,유아체형,
素質,Ａ민감,
素質,빈유,
素質,고무,
素質,명가,
素質,중학생,
能力,욕망,1,
能力,가창기능,1,
経験,방뇨경험,5,
;경험,ビジュアル경험,23,
経験,가창경험,12,
;경험,ダンス경험,9,

素質,머리
素質,눈
素質,입
素質,팔
素質,발

基礎,40,100;검相性
基礎,41,100;비구相性
基礎,42,100;타격相性
基礎,43,100;전술相性
基礎,44,100;화염相性
基礎,45,100;빙결相性
基礎,46,100;전격相性
基礎,47,100;충격相性
基礎,48,100;신경相性
基礎,49,100;정신相性
基礎,50,0;파마相性
基礎,51,100;주살相性
基礎,52,100;지변相性
基礎,53,100;수격相性
基礎,54,100;질풍相性
基礎,55,100;중력相性
基礎,56,100;핵열相性
基礎,57,100;만능相性
基礎,58,100;사이코相性

能力,종족,0;인간
能力,계승타입,0;継承なし
能力,회화타입,0;회화なし
能力,속성LD,2;N
能力,속성LC,2;N
素質,비전투원,

;기본 사복
フラグ,모자,12;헤어밴드
フラグ,옷,0
フラグ,하의,0
フラグ,전신복,303;원피스- 드레스로 해야하나?
フラグ,손,411;팔찌
フラグ,속옷（상）,501;브레지어
フラグ,속옷（하）,602;팬티
フラグ,전신속옷,0
フラグ,양말,804;사이하이삭스
フラグ,신발,910;뮬
フラグ,겉옷,0
フラグ,그외,1123;귀걸이

CSTR,一人称,私
CSTR,二人称,프로듀서
CSTR,タイトル,신인 아이돌

CSTR,30,미나세 이오리、14세、중학생

CSTR,35,부모의 힘을 의지하지 않고 스스로 자랑할 수 있는 것을 손에 넣고 싶다고 생각하는 아가씨계 미소녀
CSTR,36,자존심이 높고 지기싫어하며 버릇없고 고압적인 성격이지만 반대로 거기가 인기가 있기도 한다
CSTR,37,항상 토끼 인형을 안고 있으며、아이돌 활동 시 이외는 잠시도 놓지 않는다
