番号,6226,
名前,바바 코노미,
呼び名,코노미(ml),
基礎,0,1800,
基礎,1,1100,
基礎,연령,24,
基礎,생월,6,
基礎,생일,12,
基礎,혈액형,1,;A型,
基礎,신장,143,
基礎,체중,37,
基礎,주로쓰는손,1,;右,
基礎,바스트,75,
基礎,웨스트,55,
基礎,힙사이즈,79,
素質,처녀,
素質,꿋꿋함,
素質,프라이드높음,
素質,자제심,
素質,눈에띄고싶어함,
素質,유아체형,
素質,Ｃ민감,
素質,빈유,
素質,음모없음,
経験,자위경험,5,
相性,6233,150,;모모세 리오,

;フラグ,41,101,;普段着(바지),

CSTR,30,바바 코노미(馬場 このみ ばば このみ)

CSTR,취미,미드 감상
CSTR,특기,마작
CSTR,좋아하는것,일본주


CSTR,一人称,私,;このみお姉さん,
CSTR,二人称,프로듀서,
;CSTR,天海春香,春香쨩,
;CSTR,如月치하야,치하야쨩,
;CSTR,三浦あずさ,あずさ쨩,
;CSTR,菊地真,真쨩,
;CSTR,双海亜美,亜美쨩,
;CSTR,双海真美,真美쨩,
;CSTR,星井美希,美希쨩,
;CSTR,音無小새,小새쨩,
;CSTR,我那覇響,響쨩,
;CSTR,키노시타 히나타,ひなた쨩,
;CSTR,줄리아,줄리아쨩,
;CSTR,타나카 코토하,琴葉쨩,
;CSTR,텐쿠바시 토모카,朋花쨩,
;CSTR,모치즈키 안나,안나쨩,
;CSTR,야부키 카나,可奈쨩,
;CSTR,사타케 미나코,美奈子쨩,
;CSTR,나가요시 스바루,昴쨩,
;CSTR,노노하라 아카네,茜쨩,
;CSTR,후쿠다 노리코,のり子쨩,
;CSTR,마이하마 아유무,歩쨩,
;CSTR,모모세 리오,莉緒쨩,
;CSTR,요코야마 나오,奈緒쨩,
;CSTR,이부키 츠바사,翼쨩,
;CSTR,시노미야 카렌,可憐쨩,
;CSTR,스오 모모코,桃子쨩,
;CSTR,토쿠가와 마츠리,まつり쨩,
;CSTR,토코로 메구미,恵美쨩,
;CSTR,토요카와 후카,후카쨩,
;CSTR,나카타니 이쿠,育쨩,
;CSTR,나나오 유리코,유리子쨩,
;CSTR,니카이도 치즈루,치즈루쨩,
;CSTR,미야오 미야,美也쨩,

CSTR,36,아이돌 마스터 밀리언 라이브! 출현 캐릭터。

;나무위키 프로필 사진 기준
フラグ,모자,26;머리끈
フラグ,옷,117;캐미솔....이랄까 이거 정말 뭐냐...
フラグ,하의,206;핫팬츠
フラグ,전신복,0
フラグ,손,0
フラグ,속옷（상）,501;브레지어
フラグ,속옷（하）,602;팬티
フラグ,전신속옷,0
フラグ,양말,801;양말
フラグ,신발,909;가죽구두
フラグ,겉옷,0
フラグ,그외,0
フラグ,그외2,0
フラグ,그외3,0
